{
	"name":"fa2",
	"path":" fa2/",
	"info":{
		"description":"Normal",
		"file":"fa2",
		"date":"sRGB",
		"title":"",
		"author":"",
		"keywords":"",
		"generator":"Export Kit v1.2.8"
	},
	"layers":[
		{ 
			"type":"image",  
			"src":"../skins/fa2/background.png", 
			"name":"background", 
			"x":0, 
			"y":0, 
			"width":1080, 
			"height":1082  
		},
		{ 
			"type":"image",  
			"src":"../skins/fa2/logo.png", 
			"name":"logo", 
			"x":38, 
			"y":34, 
			"width":118, 
			"height":124  
		},
		{ 
			"type":"text", 
			"font":"Montserrat-SemiBold",
			"justification":"center",
			"lineHeight":54,
			"color":"0x000000", 
			"size":27, 
			"name":"address", 
			"x":27, 
			"y":1036, 
			"width":1032, 
			"height":27 , 
			"text":"Loca Society , Dilbar Chowk CBSCTY Road , Sama Nagar , Mumbai - 2545 India"  
		},
		{ 
			"type":"text", 
			"font":"Arial-BoldMT",
			"justification":"center",
			"lineHeight":124,
			"color":"0xFFFFFF", 
			"size":33, 
			"name":"company", 
			"x":375, 
			"y":982, 
			"width":248, 
			"height":31 , 
			"text":"Company Name"  
		},
		{ 
			"type":"text", 
			"font":"Montserrat-Medium",
			"justification":"center",
			"lineHeight":124,
			"color":"0xFFFFFF", 
			"size":30, 
			"name":"website", 
			"x":802, 
			"y":985, 
			"width":261, 
			"height":28 , 
			"text":"www.google.com"  
		},
		{ 
			"type":"text", 
			"font":"ArialMT",
			"justification":"center",
			"lineHeight":124,
			"color":"0xFFFFFF", 
			"size":38, 
			"name":"mobile", 
			"x":82, 
			"y":982, 
			"width":208, 
			"height":27 , 
			"text":"8757893246"  
		}

	]
}