{
	"name":"frame001",
	"path":" frame001/",
	"info":{
		"description":"Normal",
		"file":"frame001",
		"date":"sRGB",
		"title":"",
		"author":"",
		"keywords":"",
		"generator":"Export Kit v1.2.8"
	},
	"layers":[
		{ 
			"type":"image",  
			"src":"../skins/frame001/background.png", 
			"name":"background", 
			"x":0, 
			"y":0, 
			"width":1080, 
			"height":1086  
		},
		{ 
			"type":"text", 
			"font":"Montserrat-Medium",
			"justification":"center",
			"lineHeight":124,
			"color":"0x000000", 
			"size":38, 
			"name":"company", 
			"x":37, 
			"y":978, 
			"width":302, 
			"height":33 , 
			"text":"Company Name"  
		},
		{ 
			"type":"text", 
			"font":"Montserrat-Medium",
			"justification":"center",
			"lineHeight":124,
			"color":"0x000000", 
			"size":30, 
			"name":"email", 
			"x":700, 
			"y":977, 
			"width":358, 
			"height":29 , 
			"text":"demogmail@gmail.com"  
		},
		{ 
			"type":"text", 
			"font":"Montserrat-Medium",
			"justification":"center",
			"lineHeight":124,
			"color":"0xFFFFFF", 
			"size":26, 
			"name":"address", 
			"x":32, 
			"y":1041, 
			"width":1024, 
			"height":25 , 
			"text":"Local Society , Dilbar Chowk CBSCTY Road , Sama Nagar , Mumbai - 2545 India"  
		},
		{ 
			"type":"image",  
			"src":"../skins/frame001/logo.png", 
			"name":"logo", 
			"x":2, 
			"y":-1, 
			"width":129, 
			"height":129  
		},
		{ 
			"type":"text", 
			"font":"Montserrat-Medium",
			"justification":"center",
			"lineHeight":124,
			"color":"0xFFFFFF", 
			"size":38, 
			"name":"number", 
			"x":445, 
			"y":974, 
			"width":226, 
			"height":26 , 
			"text":"8757893246"  
		},
		{ 
			"type":"image",  
			"src":"../skins/frame001/phoneicon.png", 
			"name":"phoneicon", 
			"x":400, 
			"y":970, 
			"width":35, 
			"height":35 ,
			"effects":{
				"dropShadowMulti":{
				},
				"innerShadowMulti":{
				},
				"solidFill":{
					"color":"0xffffff"
				},
				"gradientFillMulti":{
				},
				"frameFXMulti":{
				}
			} 
		}

	]
}